season,year,sst_c,anom_c,threshold,cumulative,ntotal,oni
DJF,1950,25.01,-1.32,below,1,13,la_nina
JFM,1950,25.36,-1.2,below,2,13,la_nina
FMA,1950,25.88,-1.12,below,3,13,la_nina
MAM,1950,26.24,-1.08,below,4,13,la_nina
AMJ,1950,26.35,-1.1,below,5,13,la_nina
MJJ,1950,26.32,-0.9,below,6,13,la_nina
JJA,1950,26.24,-0.62,below,7,13,la_nina
JAS,1950,25.94,-0.57,below,8,13,la_nina
ASO,1950,25.76,-0.56,below,9,13,la_nina
SON,1950,25.6,-0.62,below,10,13,la_nina
OND,1950,25.55,-0.66,below,11,13,la_nina
NDJ,1950,25.41,-0.79,below,12,13,la_nina
DJF,1951,25.67,-0.66,below,13,13,la_nina
JFM,1951,26.2,-0.36,between,1,4,neutral
FMA,1951,26.96,-0.04,between,2,4,neutral
MAM,1951,27.48,0.16,between,3,4,neutral
AMJ,1951,27.72,0.27,between,4,4,neutral
MJJ,1951,27.72,0.5,above,1,8,el_nino
JJA,1951,27.57,0.71,above,2,8,el_nino
JAS,1951,27.41,0.9,above,3,8,el_nino
ASO,1951,27.34,1.02,above,4,8,el_nino
SON,1951,27.25,1.03,above,5,8,el_nino
OND,1951,27.18,0.96,above,6,8,el_nino
NDJ,1951,26.91,0.71,above,7,8,el_nino
DJF,1952,26.86,0.52,above,8,8,el_nino
JFM,1952,26.82,0.27,between,1,12,neutral
FMA,1952,27.33,0.33,between,2,12,neutral
MAM,1952,27.5,0.18,between,3,12,neutral
AMJ,1952,27.38,-0.07,between,4,12,neutral
MJJ,1952,26.78,-0.44,between,5,12,neutral
JJA,1952,26.41,-0.45,between,6,12,neutral
JAS,1952,26.31,-0.2,between,7,12,neutral
ASO,1952,26.35,0.03,between,8,12,neutral
SON,1952,26.26,0.04,between,9,12,neutral
OND,1952,26.11,-0.11,between,10,12,neutral
NDJ,1952,26.25,0.06,between,11,12,neutral
DJF,1953,26.58,0.25,between,12,12,neutral
JFM,1953,27.06,0.5,above,1,1,neutral
FMA,1953,27.48,0.48,between,1,1,neutral
MAM,1953,27.88,0.56,above,1,9,el_nino
AMJ,1953,28.22,0.77,above,2,9,el_nino
MJJ,1953,27.96,0.74,above,3,9,el_nino
JJA,1953,27.49,0.63,above,4,9,el_nino
JAS,1953,27.19,0.68,above,5,9,el_nino
ASO,1953,26.91,0.59,above,6,9,el_nino
SON,1953,27.0,0.78,above,7,9,el_nino
OND,1953,26.74,0.52,above,8,9,el_nino
NDJ,1953,26.76,0.56,above,9,9,el_nino
DJF,1954,26.74,0.41,between,1,6,neutral
JFM,1954,26.91,0.35,between,2,6,neutral
FMA,1954,27.01,0.01,between,3,6,neutral
MAM,1954,27.04,-0.27,between,4,6,neutral
AMJ,1954,26.97,-0.48,between,5,6,neutral
MJJ,1954,26.74,-0.48,between,6,6,neutral
JJA,1954,26.18,-0.67,below,1,4,neutral
JAS,1954,25.68,-0.83,below,2,4,neutral
ASO,1954,25.58,-0.73,below,3,4,neutral
SON,1954,25.7,-0.52,below,4,4,neutral
OND,1954,25.82,-0.4,between,1,2,neutral
NDJ,1954,25.76,-0.44,between,2,2,neutral
DJF,1955,25.83,-0.5,below,1,1,neutral
JFM,1955,26.08,-0.48,between,1,1,neutral
FMA,1955,26.42,-0.58,below,1,14,la_nina
MAM,1955,26.56,-0.76,below,2,14,la_nina
AMJ,1955,26.67,-0.78,below,3,14,la_nina
MJJ,1955,26.34,-0.88,below,4,14,la_nina
JJA,1955,26.13,-0.72,below,5,14,la_nina
JAS,1955,25.59,-0.92,below,6,14,la_nina
ASO,1955,25.21,-1.11,below,7,14,la_nina
SON,1955,24.78,-1.44,below,8,14,la_nina
OND,1955,24.63,-1.59,below,9,14,la_nina
NDJ,1955,24.73,-1.51,below,10,14,la_nina
DJF,1956,25.2,-1.17,below,11,14,la_nina
JFM,1956,25.82,-0.81,below,12,14,la_nina
FMA,1956,26.47,-0.57,below,13,14,la_nina
MAM,1956,26.84,-0.51,below,14,14,la_nina
AMJ,1956,27.0,-0.49,between,1,2,neutral
MJJ,1956,26.81,-0.47,between,2,2,neutral
JJA,1956,26.37,-0.55,below,1,2,neutral
JAS,1956,26.02,-0.52,below,2,2,neutral
ASO,1956,25.9,-0.43,between,1,7,neutral
SON,1956,25.85,-0.39,between,2,7,neutral
OND,1956,25.87,-0.37,between,3,7,neutral
NDJ,1956,25.87,-0.39,between,4,7,neutral
DJF,1957,26.11,-0.27,between,5,7,neutral
JFM,1957,26.57,-0.06,between,6,7,neutral
FMA,1957,27.3,0.26,between,7,7,neutral
MAM,1957,27.99,0.63,above,1,14,el_nino
AMJ,1957,28.21,0.72,above,2,14,el_nino
MJJ,1957,28.09,0.82,above,3,14,el_nino
JJA,1957,27.88,0.96,above,4,14,el_nino
JAS,1957,27.57,1.03,above,5,14,el_nino
ASO,1957,27.45,1.12,above,6,14,el_nino
SON,1957,27.38,1.15,above,7,14,el_nino
OND,1957,27.63,1.39,above,8,14,el_nino
NDJ,1957,27.87,1.62,above,9,14,el_nino
DJF,1958,28.07,1.69,above,10,14,el_nino
JFM,1958,28.21,1.59,above,11,14,el_nino
FMA,1958,28.21,1.17,above,12,14,el_nino
MAM,1958,28.2,0.84,above,13,14,el_nino
AMJ,1958,28.06,0.57,above,14,14,el_nino
MJJ,1958,27.77,0.49,between,1,6,neutral
JJA,1958,27.36,0.43,between,2,6,neutral
JAS,1958,26.86,0.32,between,3,6,neutral
ASO,1958,26.61,0.28,between,4,6,neutral
SON,1958,26.53,0.3,between,5,6,neutral
OND,1958,26.6,0.36,between,6,6,neutral
NDJ,1958,26.82,0.56,above,1,3,neutral
DJF,1959,26.99,0.6,above,2,3,neutral
JFM,1959,27.27,0.64,above,3,3,neutral
FMA,1959,27.51,0.48,between,1,52,neutral
MAM,1959,27.75,0.39,between,2,52,neutral
AMJ,1959,27.73,0.24,between,3,52,neutral
MJJ,1959,27.29,0.02,between,4,52,neutral
JJA,1959,26.74,-0.19,between,5,52,neutral
JAS,1959,26.31,-0.23,between,6,52,neutral
ASO,1959,26.29,-0.04,between,7,52,neutral
SON,1959,26.34,0.11,between,8,52,neutral
OND,1959,26.47,0.23,between,9,52,neutral
NDJ,1959,26.4,0.14,between,10,52,neutral
DJF,1960,26.4,0.02,between,11,52,neutral
JFM,1960,26.65,0.03,between,12,52,neutral
FMA,1960,27.1,0.06,between,13,52,neutral
MAM,1960,27.52,0.17,between,14,52,neutral
AMJ,1960,27.53,0.04,between,15,52,neutral
MJJ,1960,27.27,0.0,between,16,52,neutral
JJA,1960,26.93,0.01,between,17,52,neutral
JAS,1960,26.69,0.15,between,18,52,neutral
ASO,1960,26.52,0.19,between,19,52,neutral
SON,1960,26.32,0.08,between,20,52,neutral
OND,1960,26.17,-0.07,between,21,52,neutral
NDJ,1960,26.16,-0.07,between,22,52,neutral
DJF,1961,26.34,0.0,between,23,52,neutral
JFM,1961,26.6,0.03,between,24,52,neutral
FMA,1961,26.98,0.01,between,25,52,neutral
MAM,1961,27.33,0.05,between,26,52,neutral
AMJ,1961,27.62,0.22,between,27,52,neutral
MJJ,1961,27.41,0.22,between,28,52,neutral
JJA,1961,26.94,0.08,between,29,52,neutral
JAS,1961,26.32,-0.2,between,30,52,neutral
ASO,1961,26.01,-0.32,between,31,52,neutral
SON,1961,26.02,-0.22,between,32,52,neutral
OND,1961,26.09,-0.11,between,33,52,neutral
NDJ,1961,26.14,-0.05,between,34,52,neutral
DJF,1962,26.16,-0.16,between,35,52,neutral
JFM,1962,26.4,-0.17,between,36,52,neutral
FMA,1962,26.83,-0.15,between,37,52,neutral
MAM,1962,27.09,-0.2,between,38,52,neutral
AMJ,1962,27.21,-0.19,between,39,52,neutral
MJJ,1962,27.06,-0.13,between,40,52,neutral
JJA,1962,26.85,0.0,between,41,52,neutral
JAS,1962,26.42,-0.1,between,42,52,neutral
ASO,1962,26.17,-0.16,between,43,52,neutral
SON,1962,25.98,-0.25,between,44,52,neutral
OND,1962,25.95,-0.25,between,45,52,neutral
NDJ,1962,25.87,-0.32,between,46,52,neutral
DJF,1963,25.98,-0.33,between,47,52,neutral
JFM,1963,26.4,-0.17,between,48,52,neutral
FMA,1963,26.99,0.01,between,49,52,neutral
MAM,1963,27.41,0.13,between,50,52,neutral
AMJ,1963,27.52,0.12,between,51,52,neutral
MJJ,1963,27.64,0.45,between,52,52,neutral
JJA,1963,27.61,0.76,above,1,8,el_nino
JAS,1963,27.61,1.09,above,2,8,el_nino
ASO,1963,27.42,1.09,above,3,8,el_nino
SON,1963,27.37,1.13,above,4,8,el_nino
OND,1963,27.39,1.19,above,5,8,el_nino
NDJ,1963,27.33,1.13,above,6,8,el_nino
DJF,1964,27.26,0.95,above,7,8,el_nino
JFM,1964,27.09,0.52,above,8,8,el_nino
FMA,1964,27.04,0.06,between,1,2,neutral
MAM,1964,26.93,-0.35,between,2,2,neutral
AMJ,1964,26.8,-0.6,below,1,9,la_nina
MJJ,1964,26.53,-0.66,below,2,9,la_nina
JJA,1964,26.19,-0.67,below,3,9,la_nina
JAS,1964,25.82,-0.7,below,4,9,la_nina
ASO,1964,25.6,-0.72,below,5,9,la_nina
SON,1964,25.44,-0.8,below,6,9,la_nina
OND,1964,25.41,-0.79,below,7,9,la_nina
NDJ,1964,25.45,-0.75,below,8,9,la_nina
DJF,1965,25.8,-0.51,below,9,9,la_nina
JFM,1965,26.32,-0.25,between,1,4,neutral
FMA,1965,26.93,-0.04,between,2,4,neutral
MAM,1965,27.45,0.16,between,3,4,neutral
AMJ,1965,27.86,0.47,between,4,4,neutral
MJJ,1965,27.98,0.79,above,1,10,el_nino
JJA,1965,27.95,1.1,above,2,10,el_nino
JAS,1965,27.79,1.27,above,3,10,el_nino
ASO,1965,27.87,1.55,above,4,10,el_nino
SON,1965,27.93,1.7,above,5,10,el_nino
OND,1965,28.02,1.82,above,6,10,el_nino
NDJ,1965,27.83,1.6,above,7,10,el_nino
DJF,1966,27.61,1.24,above,8,10,el_nino
JFM,1966,27.6,0.95,above,9,10,el_nino
FMA,1966,27.79,0.76,above,10,10,el_nino
MAM,1966,27.77,0.43,between,1,11,neutral
AMJ,1966,27.68,0.24,between,2,11,neutral
MJJ,1966,27.44,0.18,between,3,11,neutral
JJA,1966,27.18,0.25,between,4,11,neutral
JAS,1966,26.73,0.13,between,5,11,neutral
ASO,1966,26.34,-0.09,between,6,11,neutral
SON,1966,26.27,-0.12,between,7,11,neutral
OND,1966,26.17,-0.23,between,8,11,neutral
NDJ,1966,26.02,-0.35,between,9,11,neutral
DJF,1967,25.97,-0.46,between,10,11,neutral
JFM,1967,26.18,-0.48,between,11,11,neutral
FMA,1967,26.53,-0.5,below,1,1,neutral
MAM,1967,26.97,-0.37,between,1,9,neutral
AMJ,1967,27.3,-0.15,between,2,9,neutral
MJJ,1967,27.31,0.05,between,3,9,neutral
JJA,1967,26.92,-0.02,between,4,9,neutral
JAS,1967,26.33,-0.26,between,5,9,neutral
ASO,1967,26.03,-0.4,between,6,9,neutral
SON,1967,25.99,-0.4,between,7,9,neutral
OND,1967,26.03,-0.36,between,8,9,neutral
NDJ,1967,25.95,-0.42,between,9,9,neutral
DJF,1968,25.81,-0.62,below,1,3,neutral
JFM,1968,25.92,-0.73,below,2,3,neutral
FMA,1968,26.41,-0.63,below,3,3,neutral
MAM,1968,26.85,-0.48,between,1,6,neutral
AMJ,1968,27.35,-0.1,between,2,6,neutral
MJJ,1968,27.43,0.17,between,3,6,neutral
JJA,1968,27.37,0.44,between,4,6,neutral
JAS,1968,26.97,0.38,between,5,6,neutral
ASO,1968,26.78,0.34,between,6,6,neutral
SON,1968,26.9,0.5,above,1,8,el_nino
OND,1968,27.06,0.66,above,2,8,el_nino
NDJ,1968,27.3,0.93,above,3,8,el_nino
DJF,1969,27.42,0.98,above,4,8,el_nino
JFM,1969,27.63,0.98,above,5,8,el_nino
FMA,1969,27.8,0.77,above,6,8,el_nino
MAM,1969,28.02,0.69,above,7,8,el_nino
AMJ,1969,28.06,0.62,above,8,8,el_nino
MJJ,1969,27.74,0.48,between,1,3,neutral
JJA,1969,27.3,0.37,between,2,3,neutral
JAS,1969,27.0,0.41,between,3,3,neutral
ASO,1969,27.04,0.61,above,1,4,neutral
SON,1969,27.11,0.71,above,2,4,neutral
OND,1969,27.21,0.81,above,3,4,neutral
NDJ,1969,27.08,0.71,above,4,4,neutral
DJF,1970,26.89,0.46,between,1,6,neutral
JFM,1970,26.89,0.23,between,2,6,neutral
FMA,1970,27.27,0.23,between,3,6,neutral
MAM,1970,27.61,0.28,between,4,6,neutral
AMJ,1970,27.56,0.11,between,5,6,neutral
MJJ,1970,27.0,-0.26,between,6,6,neutral
JJA,1970,26.38,-0.55,below,1,19,la_nina
JAS,1970,25.88,-0.72,below,2,19,la_nina
ASO,1970,25.74,-0.69,below,3,19,la_nina
SON,1970,25.67,-0.72,below,4,19,la_nina
OND,1970,25.61,-0.78,below,5,19,la_nina
NDJ,1970,25.29,-1.1,below,6,19,la_nina
DJF,1971,25.17,-1.29,below,7,19,la_nina
JFM,1971,25.34,-1.36,below,8,19,la_nina
FMA,1971,25.97,-1.08,below,9,19,la_nina
MAM,1971,26.55,-0.81,below,10,19,la_nina
AMJ,1971,26.76,-0.72,below,11,19,la_nina
MJJ,1971,26.62,-0.69,below,12,19,la_nina
JJA,1971,26.3,-0.68,below,13,19,la_nina
JAS,1971,26.05,-0.6,below,14,19,la_nina
ASO,1971,25.81,-0.68,below,15,19,la_nina
SON,1971,25.68,-0.78,below,16,19,la_nina
OND,1971,25.59,-0.86,below,17,19,la_nina
NDJ,1971,25.65,-0.78,below,18,19,la_nina
DJF,1972,25.92,-0.57,below,19,19,la_nina
JFM,1972,26.42,-0.27,between,1,4,neutral
FMA,1972,27.09,0.04,between,2,4,neutral
MAM,1972,27.61,0.25,between,3,4,neutral
AMJ,1972,27.96,0.48,between,4,4,neutral
MJJ,1972,28.0,0.7,above,1,10,el_nino
JJA,1972,27.98,1.0,above,2,10,el_nino
JAS,1972,27.91,1.26,above,3,10,el_nino
ASO,1972,27.98,1.49,above,4,10,el_nino
SON,1972,28.14,1.69,above,5,10,el_nino
OND,1972,28.3,1.84,above,6,10,el_nino
NDJ,1972,28.2,1.77,above,7,10,el_nino
DJF,1973,28.03,1.55,above,8,10,el_nino
JFM,1973,27.82,1.13,above,9,10,el_nino
FMA,1973,27.61,0.56,above,10,10,el_nino
MAM,1973,27.33,-0.03,between,1,1,neutral
AMJ,1973,26.97,-0.51,below,1,14,la_nina
MJJ,1973,26.51,-0.8,below,2,14,la_nina
JJA,1973,25.99,-0.99,below,3,14,la_nina
JAS,1973,25.54,-1.11,below,4,14,la_nina
ASO,1973,25.23,-1.26,below,5,14,la_nina
SON,1973,24.87,-1.58,below,6,14,la_nina
OND,1973,24.57,-1.89,below,7,14,la_nina
NDJ,1973,24.39,-2.04,below,8,14,la_nina
DJF,1974,24.61,-1.87,below,9,14,la_nina
JFM,1974,25.1,-1.59,below,10,14,la_nina
FMA,1974,25.82,-1.24,below,11,14,la_nina
MAM,1974,26.37,-0.99,below,12,14,la_nina
AMJ,1974,26.77,-0.71,below,13,14,la_nina
MJJ,1974,26.67,-0.64,below,14,14,la_nina
JJA,1974,26.52,-0.46,between,1,3,neutral
JAS,1974,26.25,-0.4,between,2,3,neutral
ASO,1974,26.02,-0.47,between,3,3,neutral
SON,1974,25.76,-0.69,below,1,18,la_nina
OND,1974,25.57,-0.88,below,2,18,la_nina
NDJ,1974,25.72,-0.71,below,3,18,la_nina
DJF,1975,25.92,-0.56,below,4,18,la_nina
JFM,1975,26.15,-0.55,below,5,18,la_nina
FMA,1975,26.44,-0.61,below,6,18,la_nina
MAM,1975,26.7,-0.66,below,7,18,la_nina
AMJ,1975,26.68,-0.8,below,8,18,la_nina
MJJ,1975,26.39,-0.92,below,9,18,la_nina
JJA,1975,25.9,-1.08,below,10,18,la_nina
JAS,1975,25.54,-1.12,below,11,18,la_nina
ASO,1975,25.2,-1.29,below,12,18,la_nina
SON,1975,25.14,-1.32,below,13,18,la_nina
OND,1975,24.98,-1.47,below,14,18,la_nina
NDJ,1975,24.84,-1.58,below,15,18,la_nina
DJF,1976,24.98,-1.49,below,16,18,la_nina
JFM,1976,25.55,-1.11,below,17,18,la_nina
FMA,1976,26.37,-0.65,below,18,18,la_nina
MAM,1976,26.87,-0.45,between,1,5,neutral
AMJ,1976,27.21,-0.23,between,2,5,neutral
MJJ,1976,27.28,0.0,between,3,5,neutral
JJA,1976,27.21,0.23,between,4,5,neutral
JAS,1976,27.09,0.4,between,5,5,neutral
ASO,1976,27.13,0.6,above,1,6,el_nino
SON,1976,27.28,0.79,above,2,6,el_nino
OND,1976,27.28,0.81,above,3,6,el_nino
NDJ,1976,27.28,0.84,above,4,6,el_nino
DJF,1977,27.19,0.71,above,5,6,el_nino
JFM,1977,27.33,0.66,above,6,6,el_nino
FMA,1977,27.35,0.33,between,1,7,neutral
MAM,1977,27.58,0.26,between,2,7,neutral
AMJ,1977,27.7,0.26,between,3,7,neutral
MJJ,1977,27.75,0.46,between,4,7,neutral
JJA,1977,27.37,0.39,between,5,7,neutral
JAS,1977,27.04,0.35,between,6,7,neutral
ASO,1977,26.97,0.45,between,7,7,neutral
SON,1977,27.17,0.68,above,1,5,el_nino
OND,1977,27.31,0.84,above,2,5,el_nino
NDJ,1977,27.25,0.82,above,3,5,el_nino
DJF,1978,27.18,0.71,above,4,5,el_nino
JFM,1978,27.19,0.52,above,5,5,el_nino
FMA,1978,27.19,0.17,between,1,20,neutral
MAM,1978,27.26,-0.06,between,2,20,neutral
AMJ,1978,27.17,-0.28,between,3,20,neutral
MJJ,1978,27.05,-0.24,between,4,20,neutral
JJA,1978,26.61,-0.37,between,5,20,neutral
JAS,1978,26.32,-0.37,between,6,20,neutral
ASO,1978,26.08,-0.44,between,7,20,neutral
SON,1978,26.22,-0.27,between,8,20,neutral
OND,1978,26.4,-0.07,between,9,20,neutral
NDJ,1978,26.54,0.11,between,10,20,neutral
DJF,1979,26.67,0.19,between,11,20,neutral
JFM,1979,26.88,0.21,between,12,20,neutral
FMA,1979,27.31,0.29,between,13,20,neutral
MAM,1979,27.64,0.32,between,14,20,neutral
AMJ,1979,27.73,0.29,between,15,20,neutral
MJJ,1979,27.43,0.14,between,16,20,neutral
JJA,1979,27.07,0.09,between,17,20,neutral
JAS,1979,26.91,0.22,between,18,20,neutral
ASO,1979,26.86,0.34,between,19,20,neutral
SON,1979,26.96,0.47,between,20,20,neutral
OND,1979,26.97,0.5,above,1,3,neutral
NDJ,1979,27.07,0.64,above,2,3,neutral
DJF,1980,27.09,0.62,above,3,3,neutral
JFM,1980,27.14,0.47,between,1,27,neutral
FMA,1980,27.37,0.35,between,2,27,neutral
MAM,1980,27.67,0.34,between,3,27,neutral
AMJ,1980,27.9,0.45,between,4,27,neutral
MJJ,1980,27.68,0.4,between,5,27,neutral
JJA,1980,27.16,0.18,between,6,27,neutral
JAS,1980,26.62,-0.06,between,7,27,neutral
ASO,1980,26.36,-0.17,between,8,27,neutral
SON,1980,26.42,-0.07,between,9,27,neutral
OND,1980,26.55,0.08,between,10,27,neutral
NDJ,1980,26.44,-0.05,between,11,27,neutral
DJF,1981,26.31,-0.27,between,12,27,neutral
JFM,1981,26.4,-0.42,between,13,27,neutral
FMA,1981,26.76,-0.41,between,14,27,neutral
MAM,1981,27.21,-0.27,between,15,27,neutral
AMJ,1981,27.3,-0.28,between,16,27,neutral
MJJ,1981,27.12,-0.27,between,17,27,neutral
JJA,1981,26.77,-0.28,between,18,27,neutral
JAS,1981,26.51,-0.23,between,19,27,neutral
ASO,1981,26.49,-0.08,between,20,27,neutral
SON,1981,26.38,-0.16,between,21,27,neutral
OND,1981,26.34,-0.19,between,22,27,neutral
NDJ,1981,26.4,-0.14,between,23,27,neutral
DJF,1982,26.55,-0.05,between,24,27,neutral
JFM,1982,26.83,0.02,between,25,27,neutral
FMA,1982,27.23,0.07,between,26,27,neutral
MAM,1982,27.82,0.34,between,27,27,neutral
AMJ,1982,28.23,0.65,above,1,14,el_nino
MJJ,1982,28.12,0.73,above,2,14,el_nino
JJA,1982,27.82,0.78,above,3,14,el_nino
JAS,1982,27.72,0.99,above,4,14,el_nino
ASO,1982,28.02,1.45,above,5,14,el_nino
SON,1982,28.36,1.82,above,6,14,el_nino
OND,1982,28.56,2.03,above,7,14,el_nino
NDJ,1982,28.66,2.12,above,8,14,el_nino
DJF,1983,28.74,2.14,above,9,14,el_nino
JFM,1983,28.73,1.91,above,10,14,el_nino
FMA,1983,28.69,1.52,above,11,14,el_nino
MAM,1983,28.7,1.23,above,12,14,el_nino
AMJ,1983,28.53,0.95,above,13,14,el_nino
MJJ,1983,28.01,0.62,above,14,14,el_nino
JJA,1983,27.29,0.25,between,1,3,neutral
JAS,1983,26.67,-0.06,between,2,3,neutral
ASO,1983,26.14,-0.43,between,3,3,neutral
SON,1983,25.78,-0.76,below,1,5,la_nina
OND,1983,25.56,-0.96,below,2,5,la_nina
NDJ,1983,25.65,-0.89,below,3,5,la_nina
DJF,1984,25.97,-0.63,below,4,5,la_nina
JFM,1984,26.3,-0.51,below,5,5,la_nina
FMA,1984,26.78,-0.38,between,1,2,neutral
MAM,1984,27.0,-0.47,between,2,2,neutral
AMJ,1984,27.04,-0.55,below,1,2,neutral
MJJ,1984,26.87,-0.52,below,2,2,neutral
JJA,1984,26.65,-0.39,between,1,3,neutral
JAS,1984,26.51,-0.22,between,2,3,neutral
ASO,1984,26.25,-0.32,between,3,3,neutral
SON,1984,25.92,-0.62,below,1,9,la_nina
OND,1984,25.57,-0.95,below,2,9,la_nina
NDJ,1984,25.48,-1.06,below,3,9,la_nina
DJF,1985,25.59,-1.01,below,4,9,la_nina
JFM,1985,25.95,-0.86,below,5,9,la_nina
FMA,1985,26.31,-0.85,below,6,9,la_nina
MAM,1985,26.67,-0.8,below,7,9,la_nina
AMJ,1985,26.8,-0.79,below,8,9,la_nina
MJJ,1985,26.79,-0.6,below,9,9,la_nina
JJA,1985,26.6,-0.44,between,1,14,neutral
JAS,1985,26.41,-0.33,between,2,14,neutral
ASO,1985,26.26,-0.31,between,3,14,neutral
SON,1985,26.24,-0.3,between,4,14,neutral
OND,1985,26.25,-0.28,between,5,14,neutral
NDJ,1985,26.15,-0.36,between,6,14,neutral
DJF,1986,26.15,-0.4,between,7,14,neutral
JFM,1986,26.38,-0.38,between,8,14,neutral
FMA,1986,26.89,-0.25,between,9,14,neutral
MAM,1986,27.31,-0.17,between,10,14,neutral
AMJ,1986,27.5,-0.09,between,11,14,neutral
MJJ,1986,27.42,0.02,between,12,14,neutral
JJA,1986,27.29,0.24,between,13,14,neutral
JAS,1986,27.22,0.46,between,14,14,neutral
ASO,1986,27.24,0.64,above,1,17,el_nino
SON,1986,27.42,0.86,above,2,17,el_nino
OND,1986,27.57,1.06,above,3,17,el_nino
NDJ,1986,27.69,1.21,above,4,17,el_nino
DJF,1987,27.72,1.18,above,5,17,el_nino
JFM,1987,27.89,1.13,above,6,17,el_nino
FMA,1987,28.16,1.02,above,7,17,el_nino
MAM,1987,28.42,0.94,above,8,17,el_nino
AMJ,1987,28.53,0.95,above,9,17,el_nino
MJJ,1987,28.51,1.11,above,10,17,el_nino
JJA,1987,28.35,1.3,above,11,17,el_nino
JAS,1987,28.23,1.46,above,12,17,el_nino
ASO,1987,28.1,1.49,above,13,17,el_nino
SON,1987,27.97,1.41,above,14,17,el_nino
OND,1987,27.72,1.2,above,15,17,el_nino
NDJ,1987,27.49,1.0,above,16,17,el_nino
DJF,1988,27.17,0.63,above,17,17,el_nino
JFM,1988,27.13,0.37,between,1,3,neutral
FMA,1988,27.11,-0.03,between,2,3,neutral
MAM,1988,27.03,-0.45,between,3,3,neutral
AMJ,1988,26.6,-0.99,below,1,13,la_nina
MJJ,1988,26.09,-1.3,below,2,13,la_nina
JJA,1988,25.75,-1.3,below,3,13,la_nina
JAS,1988,25.63,-1.14,below,4,13,la_nina
ASO,1988,25.34,-1.27,below,5,13,la_nina
SON,1988,25.01,-1.54,below,6,13,la_nina
OND,1988,24.7,-1.81,below,7,13,la_nina
NDJ,1988,24.64,-1.85,below,8,13,la_nina
DJF,1989,24.91,-1.64,below,9,13,la_nina
JFM,1989,25.39,-1.38,below,10,13,la_nina
FMA,1989,26.05,-1.09,below,11,13,la_nina
MAM,1989,26.63,-0.85,below,12,13,la_nina
AMJ,1989,26.98,-0.61,below,13,13,la_nina
MJJ,1989,27.0,-0.4,between,1,24,neutral
JJA,1989,26.68,-0.37,between,2,24,neutral
JAS,1989,26.41,-0.36,between,3,24,neutral
ASO,1989,26.28,-0.33,between,4,24,neutral
SON,1989,26.31,-0.25,between,5,24,neutral
OND,1989,26.39,-0.12,between,6,24,neutral
NDJ,1989,26.45,-0.04,between,7,24,neutral
DJF,1990,26.73,0.18,between,8,24,neutral
JFM,1990,26.95,0.19,between,9,24,neutral
FMA,1990,27.44,0.3,between,10,24,neutral
MAM,1990,27.75,0.27,between,11,24,neutral
AMJ,1990,27.84,0.25,between,12,24,neutral
MJJ,1990,27.65,0.25,between,13,24,neutral
JJA,1990,27.31,0.26,between,14,24,neutral
JAS,1990,27.08,0.32,between,15,24,neutral
ASO,1990,26.92,0.31,between,16,24,neutral
SON,1990,26.83,0.27,between,17,24,neutral
OND,1990,26.82,0.31,between,18,24,neutral
NDJ,1990,26.88,0.34,between,19,24,neutral
DJF,1991,26.99,0.35,between,20,24,neutral
JFM,1991,27.16,0.26,between,21,24,neutral
FMA,1991,27.5,0.23,between,22,24,neutral
MAM,1991,27.9,0.29,between,23,24,neutral
AMJ,1991,28.21,0.49,between,24,24,neutral
MJJ,1991,28.18,0.63,above,1,13,el_nino
JJA,1991,27.97,0.77,above,2,13,el_nino
JAS,1991,27.6,0.67,above,3,13,el_nino
ASO,1991,27.49,0.72,above,4,13,el_nino
SON,1991,27.57,0.83,above,5,13,el_nino
OND,1991,27.89,1.18,above,6,13,el_nino
NDJ,1991,28.09,1.43,above,7,13,el_nino
DJF,1992,28.24,1.54,above,8,13,el_nino
JFM,1992,28.4,1.5,above,9,13,el_nino
FMA,1992,28.67,1.4,above,10,13,el_nino
MAM,1992,28.91,1.3,above,11,13,el_nino
AMJ,1992,28.8,1.08,above,12,13,el_nino
MJJ,1992,28.27,0.72,above,13,13,el_nino
JJA,1992,27.55,0.35,between,1,8,neutral
JAS,1992,27.0,0.08,between,2,8,neutral
ASO,1992,26.63,-0.15,between,3,8,neutral
SON,1992,26.52,-0.22,between,4,8,neutral
OND,1992,26.47,-0.24,between,5,8,neutral
NDJ,1992,26.62,-0.05,between,6,8,neutral
DJF,1993,26.82,0.13,between,7,8,neutral
JFM,1993,27.21,0.31,between,8,8,neutral
FMA,1993,27.76,0.5,above,1,4,neutral
MAM,1993,28.34,0.73,above,2,4,neutral
AMJ,1993,28.48,0.76,above,3,4,neutral
MJJ,1993,28.11,0.56,above,4,4,neutral
JJA,1993,27.48,0.28,between,1,15,neutral
JAS,1993,27.14,0.22,between,2,15,neutral
ASO,1993,26.98,0.2,between,3,15,neutral
SON,1993,26.95,0.2,between,4,15,neutral
OND,1993,26.9,0.2,between,5,15,neutral
NDJ,1993,26.85,0.19,between,6,15,neutral
DJF,1994,26.77,0.07,between,7,15,neutral
JFM,1994,26.9,0.0,between,8,15,neutral
FMA,1994,27.31,0.04,between,9,15,neutral
MAM,1994,27.78,0.17,between,10,15,neutral
AMJ,1994,27.97,0.25,between,11,15,neutral
MJJ,1994,27.78,0.23,between,12,15,neutral
JJA,1994,27.51,0.3,between,13,15,neutral
JAS,1994,27.22,0.3,between,14,15,neutral
ASO,1994,27.25,0.47,between,15,15,neutral
SON,1994,27.4,0.66,above,1,5,el_nino
OND,1994,27.64,0.93,above,2,5,el_nino
NDJ,1994,27.64,0.97,above,3,5,el_nino
DJF,1995,27.58,0.88,above,4,5,el_nino
JFM,1995,27.56,0.65,above,5,5,el_nino
FMA,1995,27.73,0.46,between,1,5,neutral
MAM,1995,27.8,0.19,between,2,5,neutral
AMJ,1995,27.75,0.03,between,3,5,neutral
MJJ,1995,27.43,-0.11,between,4,5,neutral
JJA,1995,26.91,-0.3,between,5,5,neutral
JAS,1995,26.38,-0.55,below,1,8,la_nina
ASO,1995,25.97,-0.81,below,2,8,la_nina
SON,1995,25.78,-0.97,below,3,8,la_nina
OND,1995,25.66,-1.05,below,4,8,la_nina
NDJ,1995,25.64,-1.01,below,5,8,la_nina
DJF,1996,25.78,-0.88,below,6,8,la_nina
JFM,1996,26.15,-0.7,below,7,8,la_nina
FMA,1996,26.72,-0.52,below,8,8,la_nina
MAM,1996,27.25,-0.36,between,1,13,neutral
AMJ,1996,27.48,-0.25,between,2,13,neutral
MJJ,1996,27.3,-0.24,between,3,13,neutral
JJA,1996,26.99,-0.22,between,4,13,neutral
JAS,1996,26.65,-0.27,between,5,13,neutral
ASO,1996,26.45,-0.3,between,6,13,neutral
SON,1996,26.35,-0.33,between,7,13,neutral
OND,1996,26.24,-0.39,between,8,13,neutral
NDJ,1996,26.18,-0.41,between,9,13,neutral
DJF,1997,26.23,-0.41,between,10,13,neutral
JFM,1997,26.59,-0.26,between,11,13,neutral
FMA,1997,27.21,-0.03,between,12,13,neutral
MAM,1997,27.9,0.3,between,13,13,neutral
AMJ,1997,28.44,0.71,above,1,12,el_nino
MJJ,1997,28.67,1.13,above,2,12,el_nino
JJA,1997,28.69,1.48,above,3,12,el_nino
JAS,1997,28.7,1.79,above,4,12,el_nino
ASO,1997,28.78,2.04,above,5,12,el_nino
SON,1997,28.92,2.24,above,6,12,el_nino
OND,1997,28.97,2.34,above,7,12,el_nino
NDJ,1997,28.96,2.37,above,8,12,el_nino
DJF,1998,28.85,2.22,above,9,12,el_nino
JFM,1998,28.76,1.91,above,10,12,el_nino
FMA,1998,28.64,1.4,above,11,12,el_nino
MAM,1998,28.63,1.03,above,12,12,el_nino
AMJ,1998,28.13,0.4,between,1,2,neutral
MJJ,1998,27.46,-0.08,between,2,2,neutral
JJA,1998,26.57,-0.63,below,1,24,la_nina
JAS,1998,26.08,-0.83,below,2,24,la_nina
ASO,1998,25.73,-1.02,below,3,24,la_nina
SON,1998,25.56,-1.12,below,4,24,la_nina
OND,1998,25.32,-1.31,below,5,24,la_nina
NDJ,1998,25.12,-1.47,below,6,24,la_nina
DJF,1999,25.12,-1.51,below,7,24,la_nina
JFM,1999,25.6,-1.25,below,8,24,la_nina
FMA,1999,26.31,-0.93,below,9,24,la_nina
MAM,1999,26.8,-0.8,below,10,24,la_nina
AMJ,1999,26.94,-0.79,below,11,24,la_nina
MJJ,1999,26.7,-0.84,below,12,24,la_nina
JJA,1999,26.3,-0.9,below,13,24,la_nina
JAS,1999,25.97,-0.94,below,14,24,la_nina
ASO,1999,25.75,-1.0,below,15,24,la_nina
SON,1999,25.55,-1.13,below,16,24,la_nina
OND,1999,25.27,-1.35,below,17,24,la_nina
NDJ,1999,25.06,-1.53,below,18,24,la_nina
DJF,2000,25.17,-1.47,below,19,24,la_nina
JFM,2000,25.59,-1.26,below,20,24,la_nina
FMA,2000,26.26,-0.98,below,21,24,la_nina
MAM,2000,26.79,-0.81,below,22,24,la_nina
AMJ,2000,27.06,-0.67,below,23,24,la_nina
MJJ,2000,26.92,-0.62,below,24,24,la_nina
JJA,2000,26.73,-0.48,between,1,3,neutral
JAS,2000,26.52,-0.4,between,2,3,neutral
ASO,2000,26.33,-0.42,between,3,3,neutral
SON,2000,26.14,-0.54,below,1,5,la_nina
OND,2000,25.87,-0.76,below,2,5,la_nina
NDJ,2000,25.78,-0.78,below,3,5,la_nina
DJF,2001,25.82,-0.76,below,4,5,la_nina
JFM,2001,26.25,-0.54,below,5,5,la_nina
FMA,2001,26.79,-0.43,between,1,16,neutral
MAM,2001,27.34,-0.29,between,2,16,neutral
AMJ,2001,27.59,-0.19,between,3,16,neutral
MJJ,2001,27.53,-0.08,between,4,16,neutral
JJA,2001,27.24,-0.05,between,5,16,neutral
JAS,2001,26.86,-0.13,between,6,16,neutral
ASO,2001,26.67,-0.15,between,7,16,neutral
SON,2001,26.52,-0.26,between,8,16,neutral
OND,2001,26.4,-0.33,between,9,16,neutral
NDJ,2001,26.32,-0.32,between,10,16,neutral
DJF,2002,26.46,-0.15,between,11,16,neutral
JFM,2002,26.86,0.07,between,12,16,neutral
FMA,2002,27.34,0.11,between,13,16,neutral
MAM,2002,27.78,0.15,between,14,16,neutral
AMJ,2002,28.08,0.3,between,15,16,neutral
MJJ,2002,28.05,0.45,between,16,16,neutral
JJA,2002,27.85,0.57,above,1,8,el_nino
JAS,2002,27.62,0.63,above,2,8,el_nino
ASO,2002,27.6,0.78,above,3,8,el_nino
SON,2002,27.77,0.99,above,4,8,el_nino
OND,2002,27.92,1.19,above,5,8,el_nino
NDJ,2002,27.72,1.08,above,6,8,el_nino
DJF,2003,27.51,0.9,above,7,8,el_nino
JFM,2003,27.39,0.59,above,8,8,el_nino
FMA,2003,27.61,0.38,between,1,17,neutral
MAM,2003,27.62,-0.01,between,2,17,neutral
AMJ,2003,27.6,-0.18,between,3,17,neutral
MJJ,2003,27.47,-0.13,between,4,17,neutral
JJA,2003,27.38,0.09,between,5,17,neutral
JAS,2003,27.13,0.14,between,6,17,neutral
ASO,2003,27.05,0.23,between,7,17,neutral
SON,2003,27.0,0.23,between,8,17,neutral
OND,2003,27.02,0.29,between,9,17,neutral
NDJ,2003,26.93,0.29,between,10,17,neutral
DJF,2004,26.95,0.34,between,11,17,neutral
JFM,2004,27.06,0.27,between,12,17,neutral
FMA,2004,27.41,0.19,between,13,17,neutral
MAM,2004,27.72,0.1,between,14,17,neutral
AMJ,2004,27.9,0.12,between,15,17,neutral
MJJ,2004,27.83,0.22,between,16,17,neutral
JJA,2004,27.67,0.39,between,17,17,neutral
JAS,2004,27.53,0.54,above,1,7,el_nino
ASO,2004,27.4,0.58,above,2,7,el_nino
SON,2004,27.38,0.61,above,3,7,el_nino
OND,2004,27.37,0.64,above,4,7,el_nino
NDJ,2004,27.34,0.71,above,5,7,el_nino
DJF,2005,27.23,0.62,above,6,7,el_nino
JFM,2005,27.35,0.55,above,7,7,el_nino
FMA,2005,27.62,0.4,between,1,8,neutral
MAM,2005,27.99,0.37,between,2,8,neutral
AMJ,2005,28.05,0.27,between,3,8,neutral
MJJ,2005,27.7,0.09,between,4,8,neutral
JJA,2005,27.24,-0.04,between,5,8,neutral
JAS,2005,26.85,-0.14,between,6,8,neutral
ASO,2005,26.71,-0.11,between,7,8,neutral
SON,2005,26.5,-0.27,between,8,8,neutral
OND,2005,26.16,-0.57,below,1,5,la_nina
NDJ,2005,25.86,-0.82,below,2,5,la_nina
DJF,2006,25.83,-0.86,below,3,5,la_nina
JFM,2006,26.11,-0.8,below,4,5,la_nina
FMA,2006,26.71,-0.63,below,5,5,la_nina
MAM,2006,27.28,-0.45,between,1,5,neutral
AMJ,2006,27.69,-0.19,between,2,5,neutral
MJJ,2006,27.63,-0.05,between,3,5,neutral
JJA,2006,27.45,0.12,between,4,5,neutral
JAS,2006,27.32,0.33,between,5,5,neutral
ASO,2006,27.34,0.54,above,1,5,el_nino
SON,2006,27.47,0.71,above,2,5,el_nino
OND,2006,27.6,0.88,above,3,5,el_nino
NDJ,2006,27.55,0.88,above,4,5,el_nino
DJF,2007,27.3,0.62,above,5,5,el_nino
JFM,2007,27.1,0.19,between,1,6,neutral
FMA,2007,27.22,-0.12,between,2,6,neutral
MAM,2007,27.41,-0.32,between,3,6,neutral
AMJ,2007,27.54,-0.34,between,4,6,neutral
MJJ,2007,27.27,-0.41,between,5,6,neutral
JJA,2007,26.84,-0.49,between,6,6,neutral
JAS,2007,26.22,-0.77,below,1,11,la_nina
ASO,2007,25.75,-1.05,below,2,11,la_nina
SON,2007,25.38,-1.38,below,3,11,la_nina
OND,2007,25.15,-1.57,below,4,11,la_nina
NDJ,2007,24.95,-1.72,below,5,11,la_nina
DJF,2008,24.92,-1.76,below,6,11,la_nina
JFM,2008,25.29,-1.61,below,7,11,la_nina
FMA,2008,25.97,-1.37,below,8,11,la_nina
MAM,2008,26.69,-1.05,below,9,11,la_nina
AMJ,2008,27.03,-0.85,below,10,11,la_nina
MJJ,2008,27.13,-0.56,below,11,11,la_nina
JJA,2008,26.99,-0.33,between,1,4,neutral
JAS,2008,26.78,-0.2,between,2,4,neutral
ASO,2008,26.55,-0.25,between,3,4,neutral
SON,2008,26.4,-0.36,between,4,4,neutral
OND,2008,26.15,-0.57,below,1,5,la_nina
NDJ,2008,25.87,-0.79,below,2,5,la_nina
DJF,2009,25.79,-0.89,below,3,5,la_nina
JFM,2009,26.07,-0.84,below,4,5,la_nina
FMA,2009,26.71,-0.63,below,5,5,la_nina
MAM,2009,27.38,-0.35,between,1,3,neutral
AMJ,2009,27.91,0.03,between,2,3,neutral
MJJ,2009,28.03,0.34,between,3,3,neutral
JJA,2009,27.82,0.5,above,1,9,el_nino
JAS,2009,27.55,0.56,above,2,9,el_nino
ASO,2009,27.46,0.66,above,3,9,el_nino
SON,2009,27.68,0.92,above,4,9,el_nino
OND,2009,28.02,1.31,above,5,9,el_nino
NDJ,2009,28.16,1.5,above,6,9,el_nino
DJF,2010,28.15,1.47,above,7,9,el_nino
JFM,2010,28.11,1.21,above,8,9,el_nino
FMA,2010,28.22,0.88,above,9,9,el_nino
MAM,2010,28.11,0.38,between,1,2,neutral
AMJ,2010,27.72,-0.16,between,2,2,neutral
MJJ,2010,27.03,-0.66,below,1,12,la_nina
JJA,2010,26.34,-0.98,below,2,12,la_nina
JAS,2010,25.74,-1.24,below,3,12,la_nina
ASO,2010,25.37,-1.43,below,4,12,la_nina
SON,2010,25.21,-1.54,below,5,12,la_nina
OND,2010,25.14,-1.57,below,6,12,la_nina
NDJ,2010,25.14,-1.48,below,7,12,la_nina
DJF,2011,25.28,-1.29,below,8,12,la_nina
JFM,2011,25.72,-1.06,below,9,12,la_nina
FMA,2011,26.37,-0.85,below,10,12,la_nina
MAM,2011,26.95,-0.68,below,11,12,la_nina
AMJ,2011,27.29,-0.5,below,12,12,la_nina
MJJ,2011,27.29,-0.34,between,1,2,neutral
JJA,2011,26.92,-0.37,between,2,2,neutral
JAS,2011,26.45,-0.5,below,1,7,la_nina
ASO,2011,26.0,-0.76,below,2,7,la_nina
SON,2011,25.77,-0.94,below,3,7,la_nina
OND,2011,25.63,-1.02,below,4,7,la_nina
NDJ,2011,25.64,-0.92,below,5,7,la_nina
DJF,2012,25.84,-0.71,below,6,7,la_nina
JFM,2012,26.22,-0.56,below,7,7,la_nina
FMA,2012,26.79,-0.44,between,1,31,neutral
MAM,2012,27.29,-0.35,between,2,31,neutral
AMJ,2012,27.62,-0.18,between,3,31,neutral
MJJ,2012,27.66,0.03,between,4,31,neutral
JJA,2012,27.57,0.28,between,5,31,neutral
JAS,2012,27.35,0.39,between,6,31,neutral
ASO,2012,27.13,0.37,between,7,31,neutral
SON,2012,26.99,0.28,between,8,31,neutral
OND,2012,26.78,0.13,between,9,31,neutral
NDJ,2012,26.53,-0.03,between,10,31,neutral
DJF,2013,26.3,-0.24,between,11,31,neutral
JFM,2013,26.5,-0.28,between,12,31,neutral
FMA,2013,27.0,-0.23,between,13,31,neutral
MAM,2013,27.43,-0.2,between,14,31,neutral
AMJ,2013,27.49,-0.3,between,15,31,neutral
MJJ,2013,27.24,-0.38,between,16,31,neutral
JJA,2013,26.84,-0.45,between,17,31,neutral
JAS,2013,26.61,-0.34,between,18,31,neutral
ASO,2013,26.45,-0.32,between,19,31,neutral
SON,2013,26.57,-0.14,between,20,31,neutral
OND,2013,26.53,-0.12,between,21,31,neutral
NDJ,2013,26.45,-0.11,between,22,31,neutral
DJF,2014,26.31,-0.24,between,23,31,neutral
JFM,2014,26.57,-0.21,between,24,31,neutral
FMA,2014,27.21,-0.02,between,25,31,neutral
MAM,2014,27.88,0.25,between,26,31,neutral
AMJ,2014,28.14,0.35,between,27,31,neutral
MJJ,2014,27.84,0.22,between,28,31,neutral
JJA,2014,27.36,0.07,between,29,31,neutral
JAS,2014,27.03,0.07,between,30,31,neutral
ASO,2014,27.0,0.24,between,31,31,neutral
SON,2014,27.22,0.51,above,1,20,el_nino
OND,2014,27.35,0.7,above,2,20,el_nino
NDJ,2014,27.36,0.8,above,3,20,el_nino
DJF,2015,27.28,0.73,above,4,20,el_nino
JFM,2015,27.43,0.65,above,5,20,el_nino
FMA,2015,27.95,0.72,above,6,20,el_nino
MAM,2015,28.49,0.86,above,7,20,el_nino
AMJ,2015,28.83,1.04,above,8,20,el_nino
MJJ,2015,28.82,1.19,above,9,20,el_nino
JJA,2015,28.73,1.44,above,10,20,el_nino
JAS,2015,28.69,1.73,above,11,20,el_nino
ASO,2015,28.79,2.02,above,12,20,el_nino
SON,2015,28.99,2.28,above,13,20,el_nino
OND,2015,29.1,2.45,above,14,20,el_nino
NDJ,2015,29.15,2.59,above,15,20,el_nino
DJF,2016,29.05,2.5,above,16,20,el_nino
JFM,2016,28.99,2.21,above,17,20,el_nino
FMA,2016,28.92,1.69,above,18,20,el_nino
MAM,2016,28.74,1.11,above,19,20,el_nino
AMJ,2016,28.37,0.57,above,20,20,el_nino
MJJ,2016,27.72,0.09,between,1,4,neutral
JJA,2016,27.1,-0.19,between,2,4,neutral
JAS,2016,26.62,-0.34,between,3,4,neutral
ASO,2016,26.34,-0.42,between,4,4,neutral
SON,2016,26.2,-0.51,below,1,1,neutral
OND,2016,26.16,-0.49,between,1,12,neutral
NDJ,2016,26.19,-0.37,between,2,12,neutral
DJF,2017,26.47,-0.08,between,3,12,neutral
JFM,2017,26.86,0.08,between,4,12,neutral
FMA,2017,27.5,0.27,between,5,12,neutral
MAM,2017,27.95,0.32,between,6,12,neutral
AMJ,2017,28.15,0.35,between,7,12,neutral
MJJ,2017,27.94,0.32,between,8,12,neutral
JJA,2017,27.43,0.14,between,9,12,neutral
JAS,2017,26.89,-0.07,between,10,12,neutral
ASO,2017,26.54,-0.23,between,11,12,neutral
SON,2017,26.27,-0.44,between,12,12,neutral
OND,2017,26.04,-0.61,below,1,5,la_nina
NDJ,2017,25.8,-0.76,below,2,5,la_nina
DJF,2018,25.83,-0.71,below,3,5,la_nina
JFM,2018,26.11,-0.67,below,4,5,la_nina
FMA,2018,26.68,-0.55,below,5,5,la_nina
MAM,2018,27.28,-0.35,between,1,5,neutral
AMJ,2018,27.72,-0.07,between,2,5,neutral
MJJ,2018,27.76,0.13,between,3,5,neutral
JJA,2018,27.49,0.2,between,4,5,neutral
JAS,2018,27.25,0.3,between,5,5,neutral
ASO,2018,27.28,0.52,above,1,10,el_nino
SON,2018,27.53,0.82,above,2,10,el_nino
OND,2018,27.69,1.04,above,3,10,el_nino
NDJ,2018,27.61,1.05,above,4,10,el_nino
DJF,2019,27.54,0.99,above,5,10,el_nino
JFM,2019,27.72,0.94,above,6,10,el_nino
FMA,2019,28.1,0.87,above,7,10,el_nino
MAM,2019,28.45,0.82,above,8,10,el_nino
AMJ,2019,28.5,0.71,above,9,10,el_nino
MJJ,2019,28.21,0.59,above,10,10,el_nino
JJA,2019,27.67,0.38,between,1,3,neutral
JAS,2019,27.16,0.2,between,2,3,neutral
ASO,2019,27.07,0.31,between,3,3,neutral
SON,2019,27.22,0.51,above,1,6,el_nino
OND,2019,27.37,0.72,above,2,6,el_nino
NDJ,2019,27.31,0.75,above,3,6,el_nino
DJF,2020,27.25,0.71,above,4,6,el_nino
JFM,2020,27.44,0.66,above,5,6,el_nino
FMA,2020,27.8,0.57,above,6,6,el_nino
MAM,2020,27.97,0.33,between,1,5,neutral
AMJ,2020,27.83,0.04,between,2,5,neutral
MJJ,2020,27.45,-0.18,between,3,5,neutral
JJA,2020,27.0,-0.29,between,4,5,neutral
JAS,2020,26.52,-0.43,between,5,5,neutral
ASO,2020,25.99,-0.77,below,1,8,la_nina
SON,2020,25.71,-1.0,below,2,8,la_nina
OND,2020,25.54,-1.11,below,3,8,la_nina
NDJ,2020,25.5,-1.06,below,4,8,la_nina
DJF,2021,25.55,-0.99,below,5,8,la_nina
JFM,2021,25.92,-0.85,below,6,8,la_nina
FMA,2021,26.48,-0.74,below,7,8,la_nina
MAM,2021,27.07,-0.56,below,8,8,la_nina
AMJ,2021,27.39,-0.4,between,1,4,neutral
MJJ,2021,27.31,-0.31,between,2,4,neutral
JJA,2021,26.95,-0.35,between,3,4,neutral
JAS,2021,26.49,-0.46,between,4,4,neutral
ASO,2021,26.13,-0.64,below,1,17,la_nina
SON,2021,25.94,-0.77,below,2,17,la_nina
OND,2021,25.74,-0.91,below,3,17,la_nina
NDJ,2021,25.73,-0.83,below,4,17,la_nina
DJF,2022,25.79,-0.76,below,5,17,la_nina
JFM,2022,26.09,-0.68,below,6,17,la_nina
FMA,2022,26.46,-0.77,below,7,17,la_nina
MAM,2022,26.77,-0.86,below,8,17,la_nina
AMJ,2022,26.96,-0.83,below,9,17,la_nina
MJJ,2022,26.9,-0.73,below,10,17,la_nina
JJA,2022,26.59,-0.7,below,11,17,la_nina
JAS,2022,26.18,-0.78,below,12,17,la_nina
ASO,2022,25.89,-0.87,below,13,17,la_nina
SON,2022,25.82,-0.89,below,14,17,la_nina
OND,2022,25.83,-0.82,below,15,17,la_nina
NDJ,2022,25.86,-0.7,below,16,17,la_nina
DJF,2023,26.0,-0.55,below,17,17,la_nina
JFM,2023,26.45,-0.33,between,1,4,neutral
FMA,2023,27.12,-0.11,between,2,4,neutral
MAM,2023,27.82,0.19,between,3,4,neutral
AMJ,2023,28.25,0.46,between,4,4,neutral
MJJ,2023,28.36,0.73,above,1,11,el_nino
JJA,2023,28.29,1.0,above,2,11,el_nino
JAS,2023,28.21,1.25,above,3,11,el_nino
ASO,2023,28.26,1.5,above,4,11,el_nino
SON,2023,28.45,1.74,above,5,11,el_nino
OND,2023,28.55,1.9,above,6,11,el_nino
NDJ,2023,28.55,1.99,above,7,11,el_nino
DJF,2024,28.38,1.84,above,8,11,el_nino
JFM,2024,28.3,1.53,above,9,11,el_nino
FMA,2024,28.4,1.18,above,10,11,el_nino
MAM,2024,28.4,0.77,above,11,11,el_nino
AMJ,2024,28.23,0.43,between,1,17,neutral
MJJ,2024,27.8,0.18,between,2,17,neutral
JJA,2024,27.35,0.06,between,3,17,neutral
JAS,2024,26.92,-0.04,between,4,17,neutral
ASO,2024,26.64,-0.12,between,5,17,neutral
SON,2024,26.52,-0.19,between,6,17,neutral
OND,2024,26.35,-0.29,between,7,17,neutral
NDJ,2024,26.13,-0.43,between,8,17,neutral
DJF,2025,26.09,-0.46,between,9,17,neutral
JFM,2025,26.56,-0.22,between,10,17,neutral
FMA,2025,27.15,-0.08,between,11,17,neutral
MAM,2025,27.65,0.02,between,12,17,neutral
AMJ,2025,27.76,-0.04,between,13,17,neutral
MJJ,2025,27.61,-0.02,between,14,17,neutral
JJA,2025,27.18,-0.11,between,15,17,neutral
JAS,2025,26.7,-0.26,between,16,17,neutral
ASO,2025,26.33,-0.43,between,17,17,neutral
SON,2025,26.14,-0.57,below,1,3,neutral
OND,2025,26.04,-0.61,below,2,3,neutral
NDJ,2025,25.96,-0.6,below,3,3,neutral
DJF,2026,26.15,-0.39,between,1,4,neutral
JFM,2026,26.57,-0.21,between,2,4,neutral
FMA,2026,27.34,0.11,between,3,4,neutral
MAM,2026,28.09,0.46,between,4,4,neutral
AMJ,2026,28.74,0.95,above,1,2,neutral
MJJ,2026,29.02,1.39,above,2,2,neutral
